<?xml version="1.0" encoding="utf-8"?>
<feed xmlns="http://www.w3.org/2005/Atom">
  <title>破烂啊</title>
  
  <subtitle>记录生活中的点点滴滴</subtitle>
  <link href="/atom.xml" rel="self"/>
  
  <link href="https://0272020.xyz/"/>
  <updated>2020-04-06T16:10:31.546Z</updated>
  <id>https://0272020.xyz/</id>
  
  <author>
    <name>Yuwn LEE</name>
    
  </author>
  
  <generator uri="https://hexo.io/">Hexo</generator>
  
  <entry>
    <title>第一张照片</title>
    <link href="https://0272020.xyz/page/P0001.html"/>
    <id>https://0272020.xyz/page/P0001.html</id>
    <published>2020-04-06T08:04:48.000Z</published>
    <updated>2020-04-06T16:10:31.546Z</updated>
    
    <content type="html"><![CDATA[<link rel="stylesheet" class="aplayer-secondary-style-marker" href="\assets\css\APlayer.min.css"><script src="\assets\js\APlayer.min.js" class="aplayer-secondary-script-marker"></script><img data-src="/page/P0001/p0001.jpg" class title="This is an image">]]></content>
    
    <summary type="html">
    
      
      
        &lt;link rel=&quot;stylesheet&quot; class=&quot;aplayer-secondary-style-marker&quot; href=&quot;\assets\css\APlayer.min.css&quot;&gt;&lt;script src=&quot;\assets\js\APlayer.min.js&quot; cla
      
    
    </summary>
    
    
      <category term="随拍" scheme="https://0272020.xyz/categories/%E9%9A%8F%E6%8B%8D/"/>
    
    
      <category term="随拍" scheme="https://0272020.xyz/tags/%E9%9A%8F%E6%8B%8D/"/>
    
  </entry>
  
  <entry>
    <title>Hello World</title>
    <link href="https://0272020.xyz/page/undefined.html"/>
    <id>https://0272020.xyz/page/undefined.html</id>
    <published>2020-03-26T10:12:00.000Z</published>
    <updated>2020-04-07T03:06:44.622Z</updated>
    
    <content type="html"><![CDATA[<link rel="stylesheet" class="aplayer-secondary-style-marker" href="\assets\css\APlayer.min.css"><script src="\assets\js\APlayer.min.js" class="aplayer-secondary-script-marker"></script><p>Welcome to <a href="https://hexo.io/" target="_blank" rel="noopener">Hexo</a>! This is your very first post. Check <a href="https://hexo.io/docs/" target="_blank" rel="noopener">documentation</a> for more info.<a id="more"></a> If you get any problems when using Hexo, you can find the answer in <a href="https://hexo.io/docs/troubleshooting.html" target="_blank" rel="noopener">troubleshooting</a> or you can ask me on <a href="https://github.com/hexojs/hexo/issues" target="_blank" rel="noopener">GitHub</a>.</p><h2 id="Quick-Start"><a href="#Quick-Start" class="headerlink" title="Quick Start"></a>Quick Start</h2><h3 id="Create-a-new-post"><a href="#Create-a-new-post" class="headerlink" title="Create a new post"></a>Create a new post</h3><figure class="highlight bash"><table><tr><td class="gutter"><pre><span class="line">1</span><br></pre></td><td class="code"><pre><span class="line">$ hexo new <span class="string">"My New Post"</span></span><br></pre></td></tr></table></figure><p>More info: <a href="https://hexo.io/docs/writing.html" target="_blank" rel="noopener">Writing</a></p><h3 id="Run-server"><a href="#Run-server" class="headerlink" title="Run server"></a>Run server</h3><figure class="highlight bash"><table><tr><td class="gutter"><pre><span class="line">1</span><br></pre></td><td class="code"><pre><span class="line">$ hexo server</span><br></pre></td></tr></table></figure><p>More info: <a href="https://hexo.io/docs/server.html" target="_blank" rel="noopener">Server</a></p><h3 id="Generate-static-files"><a href="#Generate-static-files" class="headerlink" title="Generate static files"></a>Generate static files</h3><figure class="highlight bash"><table><tr><td class="gutter"><pre><span class="line">1</span><br></pre></td><td class="code"><pre><span class="line">$ hexo generate</span><br></pre></td></tr></table></figure><p>More info: <a href="https://hexo.io/docs/generating.html" target="_blank" rel="noopener">Generating</a></p><h3 id="Deploy-to-remote-sites"><a href="#Deploy-to-remote-sites" class="headerlink" title="Deploy to remote sites"></a>Deploy to remote sites</h3><figure class="highlight bash"><table><tr><td class="gutter"><pre><span class="line">1</span><br></pre></td><td class="code"><pre><span class="line">$ hexo deploy</span><br></pre></td></tr></table></figure><p>More info: <a href="https://hexo.io/docs/one-command-deployment.html" target="_blank" rel="noopener">Deployment</a></p>]]></content>
    
    <summary type="html">
    
      &lt;p&gt;Welcome to &lt;a href=&quot;https://hexo.io/&quot; target=&quot;_blank&quot; rel=&quot;noopener&quot;&gt;Hexo&lt;/a&gt;! This is your very first post. Check &lt;a href=&quot;https://hexo.io/docs/&quot; target=&quot;_blank&quot; rel=&quot;noopener&quot;&gt;documentation&lt;/a&gt; for more info.&lt;/p&gt;
    
    </summary>
    
    
    
  </entry>
  
</feed>
